{"cameraMode":{"drawMode":0,"name":"Shaded","section":"Shading Mode"},"sceneLighting":true,"audioPlay":false,"sceneViewState":{"m_AlwaysRefresh":false,"showFog":true,"showSkybox":true,"showFlares":true,"showImageEffects":true,"showParticleSystems":true,"showVisualEffectGraphs":true,"m_FxEnabled":true},"in2DMode":false,"pivot":{"x":0.019836662337183954,"y":1.6722263097763062,"z":-0.08305801451206207},"rotation":{"x":-0.00007074750465108082,"y":0.9998540282249451,"z":-0.01680825650691986,"w":-0.004197916015982628},"size":2.151637077331543,"orthographic":false}